first_name, last_name, email, age, gender, username, password
Aubree, Bouchard, aubree.bouchard@example.com, 45, female, orangebutterfly150, asdfgh
Tone, Høyem, tone.hoyem@example.com, 74, female, orangecat627, wishbone
Gisèle, Richard, gisele.richard@example.com, 70, female, yellowleopard896, british
Gesine, Möllmann, gesine.mollmann@example.com, 73, female, heavyrabbit139, avalon
Julian, Vega, julian.vega@example.com, 61, male, bigpanda219, callum
Peter-Michael, Strehl, peter-michael.strehl@example.com, 46, male, crazyrabbit511, 00000
Jeanne, Bergeron, jeanne.bergeron@example.com, 34, female, beautifulelephant203, explore
Sofia, Kowalski, sofia.kowalski@example.com, 45, female, yellowfish372, john
Otto, Kyllonen, otto.kyllonen@example.com, 50, male, happybear876, 753951
Regine, Kanzler, regine.kanzler@example.com, 29, female, silverpeacock376, whatever
Léon, Janki, leon.janki@example.com, 59, male, crazybear727, shadow1
Vilja, Taule, vilja.taule@example.com, 58, female, happycat281, pablo
Mikael, Jokela, mikael.jokela@example.com, 38, male, yellowostrich213, alan
Mestan, Erbulak, mestan.erbulak@example.com, 31, female, greenpanda173, nutmeg
Florence, Fitzpatrick, florence.fitzpatrick@example.com, 25, female, yellowbird512, colin
Harry, Evans, harry.evans@example.com, 74, male, silverleopard357, stephen1
Arnold, Ross, arnold.ross@example.com, 75, male, smallkoala870, kenny
Kate, Li, kate.li@example.com, 69, female, sadwolf477, birddog
Özkan, Özbir, ozkan.ozbir@example.com, 37, male, yellowdog472, ronaldo
Vicki, Bailey, vicki.bailey@example.com, 35, female, redswan584, raleigh
